銘柄名称,市場名称,足種,日付,時刻,始値,高値,安値,終値,出来高,H_Open,H_High,H_Low,H_Close,TREND,EP,AF,PSAR,Period,Diff,Slope,IQR
三菱ＵＦＪフィナンシャルＧ,東証,1M,2025/02/27,15:30,1940.5,1940.5,1940.5,1940.5,5026300,,,,,,,,,,,,
,,,2025/02/28,09:00,1929,1931.5,1927,1929.5,2443000,,,,,,,,,,,,
,,,2025/02/28,09:01,1929,1930.5,1926.5,1930,386500,1929.25,1930.5,1926.5,1929.0,,,,,,,,
,,,2025/02/28,09:02,1929.5,1930,1925,1925,322300,1929.125,1930.0,1925.0,1927.375,-1.0,1925.0,0.02,1925.0,0.0,0.0,,2.0
,,,2025/02/28,09:03,1925,1926,1922,1923.5,336000,1928.25,1928.25,1922.0,1924.125,1.0,1922.0,0.02,1925.0,0.0,0.0,,4.5
,,,2025/02/28,09:04,1923.5,1925,1922,1922.5,354200,1926.1875,1926.1875,1922.0,1923.25,-1.0,1926.1875,0.02,1922.0,0.0,0.0,,1.5
,,,2025/02/28,09:05,1923,1928,1921,1927,407700,1924.71875,1928.0,1921.0,1924.75,1.0,1921.0,0.02,1926.1875,0.0,0.0,,1.5
,,,2025/02/28,09:06,1927.5,1928,1925.5,1926,82000,1924.734375,1928.0,1924.734375,1926.75,-1.0,1928.0,0.02,1921.0,0.0,0.0,,3.25
,,,2025/02/28,09:07,1926,1926.5,1923.5,1923.5,100200,1925.7421875,1926.5,1923.5,1924.875,1.0,1928.0,0.02,1928.0,0.0,0.0,,2.0
,,,2025/02/28,09:08,1923.5,1926,1922.5,1925.5,73300,1925.30859375,1926.0,1922.5,1924.375,-1.0,1922.5,0.02,1928.0,0.0,0.0,,1.375
,,,2025/02/28,09:09,1925.5,1927.5,1925,1927.5,124200,1924.841796875,1927.5,1924.841796875,1926.375,-1.0,1922.5,0.02,1927.89,1.0,-2.0,-2.0,2.0
,,,2025/02/28,09:10,1927.5,1929,1927,1928,75400,1925.6083984375,1929.0,1925.6083984375,1927.875,1.0,1925.6083984375,0.02,1922.5,0.0,0.0,,2.0
,,,2025/02/28,09:11,1928,1931,1927.5,1930.5,260500,1926.74169921875,1931.0,1926.74169921875,1929.25,1.0,1931.0,0.04,1922.84,1.0,2.5,2.5,1.5
,,,2025/02/28,09:12,1930,1930,1927,1927,266500,1927.995849609375,1930.0,1927.0,1928.5,1.0,1931.0,0.04,1923.1663999999998,2.0,-1.0,-3.5,1.75
,,,2025/02/28,09:13,1927,1931,1927,1928.5,191900,1928.2479248046875,1931.0,1927.0,1928.375,1.0,1931.0,0.04,1923.4797439999998,3.0,0.5,1.5,1.75
,,,2025/02/28,09:14,1928,1928.5,1924,1924.5,372000,1928.3114624023438,1928.5,1924.0,1926.25,1.0,1931.0,0.04,1923.7805542399997,4.0,-3.5,-4.0,5.5
,,,2025/02/28,09:15,1924.5,1925.5,1923.5,1924.5,150600,1927.2807312011719,1927.2807312011719,1923.5,1924.5,-1.0,1927.2807312011719,0.02,1931.0,0.0,0.0,,1.25
,,,2025/02/28,09:16,1924,1924.5,1921.5,1922,156200,1925.890365600586,1925.890365600586,1921.5,1923.0,-1.0,1921.5,0.04,1930.62,1.0,2.5,2.5,2.0
,,,2025/02/28,09:17,1922.5,1925,1922.5,1923,99400,1924.445182800293,1925.0,1922.5,1923.25,-1.0,1921.5,0.04,1930.2551999999998,2.0,1.5,-1.0,1.0
,,,2025/02/28,09:18,1923.5,1925,1923.5,1925,68600,1923.8475914001465,1925.0,1923.5,1924.25,-1.0,1921.5,0.04,1929.9049919999998,3.0,-0.5,-2.0,1.0
,,,2025/02/28,09:19,1924.5,1925,1921.5,1922,182300,1924.0487957000732,1925.0,1921.5,1923.25,-1.0,1921.5,0.04,1929.5687923199998,4.0,2.5,3.0,0.5
,,,2025/02/28,09:20,1922,1923,1921,1922,119100,1923.6493978500366,1923.6493978500366,1921.0,1922.0,-1.0,1921.0,0.06,1929.0546647807998,5.0,2.5,0.0,2.0
,,,2025/02/28,09:21,1922,1923,1922,1922.5,73300,1922.8246989250183,1923.0,1922.0,1922.375,-1.0,1921.0,0.06,1928.5713848939517,6.0,2.0,-0.5,0.5
,,,2025/02/28,09:22,1922.5,1923,1919.5,1920.5,521300,1922.5998494625092,1923.0,1919.5,1921.375,-1.0,1919.5,0.08,1927.8456741024356,7.0,4.0,2.0,1.0
,,,2025/02/28,09:23,1920.5,1921,1919.5,1920,182200,1921.9874247312546,1921.9874247312546,1919.5,1920.25,-1.0,1919.5,0.08,1927.1780201742408,8.0,4.5,0.5,1.25
,,,2025/02/28,09:24,1920,1920,1915.5,1916,368200,1921.1187123656273,1921.1187123656273,1915.5,1917.875,-1.0,1915.5,0.1,1926.0102181568168,9.0,8.5,4.0,2.375
,,,2025/02/28,09:25,1916.5,1917.5,1915,1916,204800,1919.4968561828136,1919.4968561828136,1915.0,1916.25,-1.0,1915.0,0.12000000000000001,1924.6889919779987,10.0,8.5,0.0,1.5
,,,2025/02/28,09:26,1916,1916,1913.5,1914,197500,1917.8734280914068,1917.8734280914068,1913.5,1914.875,-1.0,1913.5,0.14,1923.122533101079,11.0,10.5,2.0,2.0
,,,2025/02/28,09:27,1914,1914.5,1912,1913,209100,1916.3742140457034,1916.3742140457034,1912.0,1913.375,-1.0,1912.0,0.16,1921.3429278049064,12.0,11.5,1.0,2.0
,,,2025/02/28,09:28,1913.5,1914.5,1911.5,1912,193700,1914.8746070228517,1914.8746070228517,1911.5,1912.875,-1.0,1911.5,0.18,1919.5712008000232,13.0,12.5,1.0,1.5
,,,2025/02/28,09:29,1911.5,1913,1910.5,1911,232400,1913.8748035114259,1913.8748035114259,1910.5,1911.5,-1.0,1910.5,0.19999999999999998,1917.7569606400186,14.0,13.5,1.0,1.5
,,,2025/02/28,09:30,1911,1913,1910.5,1911,431300,1912.687401755713,1913.0,1910.5,1911.375,-1.0,1910.5,0.19999999999999998,1916.3055685120148,15.0,13.5,0.0,1.0
,,,2025/02/28,09:31,1911.5,1912,1909,1910,687500,1912.0312008778565,1912.0312008778565,1909.0,1910.625,-1.0,1909.0,0.21999999999999997,1914.6983434393715,16.0,14.5,1.0,1.5
,,,2025/02/28,09:32,1910,1914,1910,1912,190500,1911.3281004389282,1914.0,1910.0,1911.5,-1.0,1909.0,0.21999999999999997,1913.4447078827097,17.0,12.5,-2.0,2.375
,,,2025/02/28,09:33,1912,1913,1911.5,1911.5,133400,1911.4140502194641,1913.0,1911.4140502194641,1912.0,-1.0,1909.0,0.21999999999999997,1912.4668721485136,18.0,13.0,0.5,1.0
,,,2025/02/28,09:34,1912,1912.5,1910.5,1911,76100,1911.707025109732,1912.5,1910.5,1911.5,1.0,1910.5,0.02,1909.0,0.0,0.0,,0.5
,,,2025/02/28,09:35,1911,1914,1910,1913.5,145000,1911.603512554866,1914.0,1910.0,1912.125,1.0,1914.0,0.04,1909.2,1.0,2.5,2.5,1.25
,,,2025/02/28,09:36,1913.5,1915,1913,1913.5,157600,1911.864256277433,1915.0,1911.864256277433,1913.75,1.0,1915.0,0.06,1909.548,2.0,2.5,0.0,2.0
,,,2025/02/28,09:37,1914,1916,1913.5,1915,118800,1912.8071281387165,1916.0,1912.8071281387165,1914.625,1.0,1916.0,0.08,1910.06416,3.0,4.0,1.5,1.0
,,,2025/02/28,09:38,1915,1915,1913.5,1914.5,89000,1913.7160640693583,1915.0,1913.5,1914.5,1.0,1916.0,0.08,1910.5390272,4.0,3.5,-0.5,1.0
,,,2025/02/28,09:39,1914.5,1914.5,1912.5,1913,100900,1914.1080320346791,1914.5,1912.5,1913.625,1.0,1916.0,0.08,1910.975905024,5.0,2.0,-1.5,1.0
,,,2025/02/28,09:40,1913.5,1913.5,1912,1912,65800,1913.8665160173396,1913.8665160173396,1912.0,1912.75,1.0,1916.0,0.08,1911.37783262208,6.0,1.0,-1.0,0.875
,,,2025/02/28,09:41,1912,1912,1910.5,1911,145500,1913.3082580086698,1913.3082580086698,1910.5,1911.375,-1.0,1913.3082580086698,0.02,1916.0,0.0,0.0,,1.0
,,,2025/02/28,09:42,1911,1913,1911,1912.5,87700,1912.341629004335,1913.0,1911.0,1911.875,-1.0,1911.0,0.04,1915.8,1.0,-1.5,-1.5,1.125
,,,2025/02/28,09:43,1912.5,1913,1911.5,1912,78900,1912.1083145021676,1913.0,1911.5,1912.25,-1.0,1911.0,0.04,1915.608,2.0,-1.0,0.5,0.5
,,,2025/02/28,09:44,1911.5,1912.5,1911,1912,62400,1912.1791572510838,1912.5,1911.0,1911.75,-1.0,1911.0,0.04,1915.4236799999999,3.0,-1.0,0.0,0.5
,,,2025/02/28,09:45,1912.5,1913,1911,1911.5,83800,1911.964578625542,1913.0,1911.0,1912.0,-1.0,1911.0,0.04,1915.2467327999998,4.0,-0.5,0.5,0.5
,,,2025/02/28,09:46,1911.5,1911.5,1909.5,1910.5,574900,1911.982289312771,1911.982289312771,1909.5,1910.75,-1.0,1909.5,0.06,1914.9019288319998,5.0,0.5,1.0,1.0
,,,2025/02/28,09:47,1911,1913,1911,1913,105100,1911.3661446563856,1913.0,1911.0,1912.0,-1.0,1909.5,0.06,1914.5778131020797,6.0,-2.0,-2.5,1.5
,,,2025/02/28,09:48,1913,1913.5,1912,1912,96900,1911.6830723281928,1913.5,1911.6830723281928,1912.625,-1.0,1909.5,0.06,1914.273144315955,7.0,-1.0,1.0,1.0
,,,2025/02/28,09:49,1912,1912,1907.5,1907.5,683800,1912.1540361640964,1912.1540361640964,1907.5,1909.75,-1.0,1907.5,0.08,1913.7312927706787,8.0,3.5,4.5,3.0
,,,2025/02/28,09:50,1907.5,1909,1906.5,1908.5,360200,1910.9520180820482,1910.9520180820482,1906.5,1907.875,-1.0,1906.5,0.1,1913.008163493611,9.0,2.5,-1.0,2.375
,,,2025/02/28,09:51,1908,1908.5,1906,1906.5,213300,1909.413509041024,1909.413509041024,1906.0,1907.25,-1.0,1906.0,0.12000000000000001,1912.1671838743775,10.0,4.5,2.0,1.0
,,,2025/02/28,09:52,1906.5,1908,1906.5,1908,190500,1908.331754520512,1908.331754520512,1906.5,1907.25,-1.0,1906.0,0.12000000000000001,1911.4271218094523,11.0,3.0,-1.5,1.0
,,,2025/02/28,09:53,1907.5,1909,1907.5,1908.5,99700,1907.790877260256,1909.0,1907.5,1908.125,-1.0,1906.0,0.12000000000000001,1910.775867192318,12.0,2.5,-0.5,1.5
,,,2025/02/28,09:54,1908.5,1911,1908.5,1911,176600,1907.957938630128,1911.0,1907.957938630128,1909.75,1.0,1907.957938630128,0.02,1906.0,0.0,0.0,,1.0
,,,2025/02/28,09:55,1911,1911,1909.5,1909.5,141200,1908.853969315064,1911.0,1908.853969315064,1910.25,1.0,1911.0,0.04,1906.2,1.0,-1.5,-1.5,1.0
,,,2025/02/28,09:56,1909.5,1910,1909,1909.5,75400,1909.551984657532,1910.0,1909.0,1909.5,1.0,1911.0,0.04,1906.392,2.0,-1.5,0.0,1.0
,,,2025/02/28,09:57,1909.5,1910.5,1908.5,1909.5,97200,1909.525992328766,1910.5,1908.5,1909.5,1.0,1911.0,0.04,1906.5763200000001,3.0,-1.5,0.0,0.875
,,,2025/02/28,09:58,1910,1910.5,1909.5,1910,24800,1909.512996164383,1910.5,1909.5,1910.0,1.0,1911.0,0.04,1906.7532672000002,4.0,-1.0,0.5,0.5
,,,2025/02/28,09:59,1910.5,1910.5,1908.5,1908.5,97200,1909.7564980821915,1910.5,1908.5,1909.5,1.0,1911.0,0.04,1906.9231365120002,5.0,-2.5,-1.5,1.0
,,,2025/02/28,10:00,1909,1910,1908.5,1909.5,30500,1909.6282490410958,1910.0,1908.5,1909.25,1.0,1911.0,0.04,1907.0862110515202,6.0,-1.5,1.0,0.5
,,,2025/02/28,10:01,1910,1910,1908,1909.5,183800,1909.439124520548,1910.0,1908.0,1909.375,1.0,1911.0,0.04,1907.2427626094593,7.0,-1.5,0.0,1.0
,,,2025/02/28,10:02,1909.5,1910,1908,1908,54500,1909.407062260274,1910.0,1908.0,1908.875,1.0,1911.0,0.04,1907.3930521050809,8.0,-3.0,-1.5,1.0
,,,2025/02/28,10:03,1908.5,1909.5,1908,1908.5,169200,1909.141031130137,1909.5,1908.0,1908.625,1.0,1911.0,0.04,1907.5373300208776,9.0,-2.5,0.5,1.0
,,,2025/02/28,10:04,1908,1908.5,1906,1906.5,580200,1908.8830155650685,1908.8830155650685,1906.0,1907.25,-1.0,1908.8830155650685,0.02,1911.0,0.0,0.0,,1.5
,,,2025/02/28,10:05,1906.5,1906.5,1903.5,1903.5,809500,1908.0665077825342,1908.0665077825342,1903.5,1905.0,-1.0,1903.5,0.04,1910.7,1.0,3.0,3.0,2.5
,,,2025/02/28,10:06,1903.5,1905,1903.5,1904.5,192800,1906.5332538912671,1906.5332538912671,1903.5,1904.125,-1.0,1903.5,0.04,1910.412,2.0,2.0,-1.0,0.5
,,,2025/02/28,10:07,1904,1904,1902.5,1903.5,270800,1905.3291269456336,1905.3291269456336,1902.5,1903.5,-1.0,1902.5,0.06,1909.93728,3.0,3.0,1.0,1.0
,,,2025/02/28,10:08,1903,1904,1902,1903.5,153300,1904.4145634728168,1904.4145634728168,1902.0,1903.125,-1.0,1902.0,0.08,1909.3022976000002,4.0,3.0,0.0,0.625
,,,2025/02/28,10:09,1904,1905,1903,1904,212000,1903.7697817364083,1905.0,1903.0,1904.0,-1.0,1902.0,0.08,1908.7181137920002,5.0,2.5,-0.5,2.0
,,,2025/02/28,10:10,1904,1906.5,1904,1906.5,314800,1903.8848908682041,1906.5,1903.8848908682041,1905.25,-1.0,1902.0,0.08,1908.1806646886403,6.0,0.0,-2.5,1.0
,,,2025/02/28,10:11,1907,1907.5,1905.5,1906,540600,1904.567445434102,1907.5,1904.567445434102,1906.5,-1.0,1902.0,0.08,1907.686211513549,7.0,0.5,0.5,1.0
,,,2025/02/28,10:12,1906.5,1906.5,1905,1905.5,70000,1905.533722717051,1906.5,1905.0,1905.875,-1.0,1902.0,0.08,1907.2313145924652,8.0,1.0,0.5,1.0
,,,2025/02/28,10:13,1905.5,1906,1904.5,1906,111100,1905.7043613585256,1906.0,1904.5,1905.5,-1.0,1902.0,0.08,1906.812809425068,9.0,0.5,-0.5,0.5
,,,2025/02/28,10:14,1905.5,1906,1903,1904,162500,1905.6021806792628,1906.0,1903.0,1904.625,-1.0,1902.0,0.08,1906.4277846710627,10.0,2.5,2.0,0.5
,,,2025/02/28,10:15,1904,1904.5,1903,1904,128300,1905.1135903396314,1905.1135903396314,1903.0,1903.875,-1.0,1902.0,0.08,1906.0735618973777,11.0,2.5,0.0,1.5
,,,2025/02/28,10:16,1904,1904.5,1902,1902.5,159100,1904.4942951698158,1904.5,1902.0,1903.25,-1.0,1902.0,0.08,1905.7476769455875,12.0,4.0,1.5,1.0
,,,2025/02/28,10:17,1902,1903,1902,1902.5,115500,1903.872147584908,1903.872147584908,1902.0,1902.375,-1.0,1902.0,0.08,1905.4478627899405,13.0,4.0,0.0,0.5
,,,2025/02/28,10:18,1902.5,1903,1901.5,1902.5,228100,1903.123573792454,1903.123573792454,1901.5,1902.375,-1.0,1901.5,0.1,1905.0530765109465,14.0,4.0,0.0,0.5
,,,2025/02/28,10:19,1902.5,1902.5,1901.5,1902,73200,1902.749286896227,1902.749286896227,1901.5,1902.125,-1.0,1901.5,0.1,1904.697768859852,15.0,4.5,0.5,0.5
,,,2025/02/28,10:20,1902.5,1904,1902,1903.5,207300,1902.4371434481136,1904.0,1902.0,1903.0,-1.0,1901.5,0.1,1904.3779919738668,16.0,3.0,-1.5,1.125
,,,2025/02/28,10:21,1904,1905,1903.5,1905,72900,1902.7185717240568,1905.0,1902.7185717240568,1904.375,1.0,1902.7185717240568,0.02,1901.5,0.0,0.0,,1.5
,,,2025/02/28,10:22,1905.5,1906.5,1904.5,1904.5,235900,1903.5467858620284,1906.5,1903.5467858620284,1905.25,1.0,1906.5,0.04,1901.7,1.0,-0.5,-0.5,1.5
,,,2025/02/28,10:23,1904.5,1905.5,1903,1904.5,113400,1904.3983929310143,1905.5,1903.0,1904.375,1.0,1906.5,0.04,1901.892,2.0,-0.5,0.0,1.5
,,,2025/02/28,10:24,1904.5,1904.5,1902,1903,74100,1904.3866964655072,1904.5,1902.0,1903.5,1.0,1906.5,0.04,1902.0763200000001,3.0,-2.0,-1.5,1.0
,,,2025/02/28,10:25,1902.5,1902.5,1901.5,1901.5,150000,1903.9433482327536,1903.9433482327536,1901.5,1902.0,-1.0,1903.9433482327536,0.02,1906.5,0.0,0.0,,1.0
,,,2025/02/28,10:26,1902,1902.5,1901.5,1902,113700,1902.9716741163768,1902.9716741163768,1901.5,1902.0,-1.0,1901.5,0.04,1906.3,1.0,-0.5,-0.5,0.5
,,,2025/02/28,10:27,1902,1903,1901.5,1902.5,90800,1902.4858370581883,1903.0,1901.5,1902.25,-1.0,1901.5,0.04,1906.108,2.0,-1.0,-0.5,0.5
,,,2025/02/28,10:28,1903,1903,1898,1898.5,2468100,1902.3679185290941,1903.0,1898.0,1900.625,-1.0,1898.0,0.06,1905.62152,3.0,3.0,4.0,0.5
,,,2025/02/28,10:29,1899,1900.5,1898,1899.5,263300,1901.496459264547,1901.496459264547,1898.0,1899.25,-1.0,1898.0,0.06,1905.1642287999998,4.0,2.0,-1.0,3.0
,,,2025/02/28,10:30,1899,1899.5,1898,1898,106700,1900.3732296322735,1900.3732296322735,1898.0,1898.625,-1.0,1898.0,0.06,1904.734375072,5.0,3.5,1.5,0.5
,,,2025/02/28,10:31,1898.5,1898.5,1895.5,1896,443000,1899.4991148161366,1899.4991148161366,1895.5,1897.125,-1.0,1895.5,0.08,1903.9956250662399,6.0,5.5,2.0,2.5
,,,2025/02/28,10:32,1895.5,1897,1894,1894.5,1348500,1898.3120574080683,1898.3120574080683,1894.0,1895.25,-1.0,1894.0,0.1,1902.996062559616,7.0,7.0,1.5,1.0
,,,2025/02/28,10:33,1894.5,1897.5,1894.5,1896,469400,1896.7810287040343,1897.5,1894.5,1895.625,-1.0,1894.0,0.1,1902.0964563036543,8.0,5.5,-1.5,1.0
,,,2025/02/28,10:34,1896.5,1898.5,1895.5,1895.5,97700,1896.2030143520171,1898.5,1895.5,1896.5,-1.0,1894.0,0.1,1901.286810673289,9.0,6.0,0.5,0.5
,,,2025/02/28,10:35,1896,1899,1895.5,1899,146100,1896.3515071760085,1899.0,1895.5,1897.375,-1.0,1894.0,0.1,1900.5581296059602,10.0,2.5,-3.5,1.5
,,,2025/02/28,10:36,1898.5,1899,1896.5,1898,154400,1896.8632535880042,1899.0,1896.5,1898.0,-1.0,1894.0,0.1,1899.9023166453642,11.0,3.5,1.0,2.0
,,,2025/02/28,10:37,1898,1899,1897,1897,86900,1897.431626794002,1899.0,1897.0,1897.75,-1.0,1894.0,0.1,1899.3120849808279,12.0,4.5,1.0,1.0
,,,2025/02/28,10:38,1897.5,1897.5,1895,1895,215900,1897.590813397001,1897.590813397001,1895.0,1896.25,-1.0,1894.0,0.1,1898.780876482745,13.0,6.5,2.0,1.0
,,,2025/02/28,10:39,1894.5,1896.5,1893,1896,277500,1896.9204066985005,1896.9204066985005,1893.0,1895.0,-1.0,1893.0,0.12000000000000001,1898.0871713048157,14.0,5.5,-1.0,1.5
,,,2025/02/28,10:40,1896,1896,1893.5,1895.5,146800,1895.9602033492502,1896.0,1893.5,1895.25,-1.0,1893.0,0.12000000000000001,1897.4767107482378,15.0,6.0,0.5,1.5
,,,2025/02/28,10:41,1895.5,1896,1892,1893,300700,1895.605101674625,1896.0,1892.0,1894.125,-1.0,1892.0,0.14,1896.7099712434845,16.0,8.5,2.5,1.0
,,,2025/02/28,10:42,1893,1895,1892,1894.5,142500,1894.8650508373125,1895.0,1892.0,1893.625,-1.0,1892.0,0.14,1896.0505752693966,17.0,7.0,-1.5,1.5
,,,2025/02/28,10:43,1894.5,1895.5,1893,1894.5,138900,1894.2450254186563,1895.5,1893.0,1894.375,-1.0,1892.0,0.14,1895.483494731681,18.0,7.0,0.0,0.875
,,,2025/02/28,10:44,1894.5,1896.5,1894.5,1896,107500,1894.310012709328,1896.5,1894.310012709328,1895.375,1.0,1894.310012709328,0.02,1892.0,0.0,0.0,,1.0
,,,2025/02/28,10:45,1896,1896,1893.5,1896,156800,1894.842506354664,1896.0,1893.5,1895.375,1.0,1896.0,0.04,1892.16,1.0,0.0,0.0,0.5
,,,2025/02/28,10:46,1896.5,1897,1895,1897,136200,1895.108753177332,1897.0,1895.0,1896.375,1.0,1897.0,0.06,1892.4504000000002,2.0,1.0,1.0,1.0
,,,2025/02/28,10:47,1897,1898.5,1896,1897,231900,1895.741876588666,1898.5,1895.741876588666,1897.125,1.0,1898.5,0.08,1892.9343680000002,3.0,1.0,0.0,1.0
,,,2025/02/28,10:48,1897,1899.5,1896.5,1898.5,228800,1896.433438294333,1899.5,1896.433438294333,1897.875,1.0,1899.5,0.1,1893.5909312,4.0,2.5,1.5,1.0
,,,2025/02/28,10:49,1898.5,1898.5,1896,1897,148400,1897.1542191471665,1898.5,1896.0,1897.5,1.0,1899.5,0.1,1894.18183808,5.0,1.0,-1.5,1.5
,,,2025/02/28,10:50,1897,1897.5,1896,1897.5,69600,1897.3271095735831,1897.5,1896.0,1897.0,1.0,1899.5,0.1,1894.713654272,6.0,1.5,0.5,0.625
,,,2025/02/28,10:51,1897,1897.5,1895,1896.5,202200,1897.1635547867916,1897.5,1895.0,1896.5,1.0,1899.5,0.1,1895.1922888448,7.0,0.5,-1.0,1.0
,,,2025/02/28,10:52,1896,1896.5,1895,1895.5,78400,1896.831777393396,1896.831777393396,1895.0,1895.75,-1.0,1896.831777393396,0.02,1899.5,0.0,0.0,,0.5
,,,2025/02/28,10:53,1895,1896.5,1895,1896.5,52500,1896.290888696698,1896.5,1895.0,1895.75,-1.0,1895.0,0.04,1899.32,1.0,-1.0,-1.0,0.75
,,,2025/02/28,10:54,1896.5,1897,1896,1896.5,54000,1896.020444348349,1897.0,1896.0,1896.5,-1.0,1895.0,0.04,1899.1471999999999,2.0,-1.0,0.0,0.5
,,,2025/02/28,10:55,1896.5,1896.5,1894.5,1894.5,301200,1896.2602221741745,1896.5,1894.5,1895.5,-1.0,1894.5,0.06,1898.868368,3.0,1.0,2.0,0.5
,,,2025/02/28,10:56,1895,1895.5,1894,1895.5,213000,1895.8801110870872,1895.8801110870872,1894.0,1895.0,-1.0,1894.0,0.08,1898.4788985599998,4.0,0.0,-1.0,0.5
,,,2025/02/28,10:57,1895.5,1895.5,1895,1895,44900,1895.4400555435436,1895.5,1895.0,1895.25,-1.0,1894.0,0.08,1898.1205866751998,5.0,0.5,0.5,0.5
,,,2025/02/28,10:58,1895,1896,1895,1895.5,86200,1895.3450277717718,1896.0,1895.0,1895.375,-1.0,1894.0,0.08,1897.7909397411838,6.0,0.0,-0.5,0.5
,,,2025/02/28,10:59,1895,1895.5,1892.5,1893,230600,1895.360013885886,1895.5,1892.5,1894.0,-1.0,1892.5,0.1,1897.2618457670656,7.0,2.5,2.5,1.5
,,,2025/02/28,11:00,1893,1893.5,1891.5,1892,236300,1894.680006942943,1894.680006942943,1891.5,1892.5,-1.0,1891.5,0.12000000000000001,1896.5704242750178,8.0,3.5,1.0,2.0
,,,2025/02/28,11:01,1891.5,1893,1891.5,1892.5,168600,1893.5900034714714,1893.5900034714714,1891.5,1892.125,-1.0,1891.5,0.12000000000000001,1895.9619733620157,9.0,3.0,-0.5,0.5
,,,2025/02/28,11:02,1892,1893.5,1891.5,1892.5,79200,1892.8575017357357,1893.5,1891.5,1892.375,-1.0,1891.5,0.12000000000000001,1895.4265365585738,10.0,3.0,0.0,0.5
,,,2025/02/28,11:03,1892.5,1894,1892,1893.5,105900,1892.6162508678678,1894.0,1892.0,1893.0,-1.0,1891.5,0.12000000000000001,1894.955352171545,11.0,2.0,-1.0,0.5
,,,2025/02/28,11:04,1893.5,1894,1892.5,1893.5,87800,1892.808125433934,1894.0,1892.5,1893.375,-1.0,1891.5,0.12000000000000001,1894.5407099109595,12.0,2.0,0.0,0.5
,,,2025/02/28,11:05,1893.5,1894.5,1893,1894,92400,1893.091562716967,1894.5,1893.0,1893.75,-1.0,1891.5,0.12000000000000001,1894.1758247216444,13.0,1.5,-0.5,0.5
,,,2025/02/28,11:06,1894,1894.5,1893.5,1893.5,44200,1893.4207813584835,1894.5,1893.4207813584835,1893.875,1.0,1893.4207813584835,0.02,1891.5,0.0,0.0,,1.0
,,,2025/02/28,11:07,1893,1893.5,1892,1893,166600,1893.6478906792418,1893.6478906792418,1892.0,1892.875,1.0,1893.6478906792418,0.04,1891.5859156271697,1.0,-0.5,-0.5,1.125
,,,2025/02/28,11:08,1893,1893.5,1891,1892,411700,1893.2614453396209,1893.5,1891.0,1892.375,-1.0,1893.5,0.02,1893.6478906792418,0.0,0.0,,0.5
,,,2025/02/28,11:09,1892,1892.5,1891,1892,146800,1892.8182226698104,1892.8182226698104,1891.0,1891.875,-1.0,1891.0,0.04,1893.541975052072,1.0,0.0,0.0,1.25
,,,2025/02/28,11:10,1891.5,1892.5,1891,1892,82500,1892.3466113349052,1892.5,1891.0,1891.75,-1.0,1891.0,0.04,1893.4402960499892,2.0,0.0,0.0,0.5
,,,2025/02/28,11:11,1892.5,1892.5,1891,1891.5,116400,1892.0483056674525,1892.5,1891.0,1891.875,-1.0,1891.0,0.04,1893.3426842079896,3.0,0.5,0.5,0.5
,,,2025/02/28,11:12,1891.5,1893,1891.5,1892,106400,1891.9616528337262,1893.0,1891.5,1892.0,-1.0,1891.0,0.04,1893.24897683967,4.0,0.0,-0.5,0.75
,,,2025/02/28,11:13,1891.5,1892,1890.5,1891,150800,1891.9808264168632,1892.0,1890.5,1891.25,-1.0,1890.5,0.06,1893.0840382292897,5.0,1.0,1.0,0.5
,,,2025/02/28,11:14,1891,1891.5,1890.5,1891,37500,1891.6154132084316,1891.6154132084316,1890.5,1891.0,-1.0,1890.5,0.06,1892.9289959355324,6.0,1.0,0.0,0.5
,,,2025/02/28,11:15,1891,1892,1890.5,1891.5,337800,1891.3077066042158,1892.0,1890.5,1891.25,-1.0,1890.5,0.06,1892.7832561794005,7.0,0.5,-0.5,0.5
,,,2025/02/28,11:16,1892,1892,1890.5,1891,45400,1891.278853302108,1892.0,1890.5,1891.375,-1.0,1890.5,0.06,1892.6462608086365,8.0,1.0,0.5,0.5
,,,2025/02/28,11:17,1890.5,1891,1888,1889,1629800,1891.326926651054,1891.326926651054,1888.0,1889.625,-1.0,1888.0,0.08,1892.2745599439456,9.0,3.0,2.0,2.0
,,,2025/02/28,11:18,1889.5,1890,1888,1888.5,100400,1890.4759633255271,1890.4759633255271,1888.0,1889.0,-1.0,1888.0,0.08,1891.93259514843,10.0,3.5,0.5,1.0
,,,2025/02/28,11:19,1888.5,1890,1888,1890,72800,1889.7379816627636,1890.0,1888.0,1889.125,-1.0,1888.0,0.08,1891.6179875365556,11.0,2.0,-1.5,0.5
,,,2025/02/28,11:20,1890,1891,1889,1890,145200,1889.4314908313818,1891.0,1889.0,1890.0,-1.0,1888.0,0.08,1891.3285485336312,12.0,2.0,0.0,1.125
,,,2025/02/28,11:21,1890,1891.5,1890,1891.5,132300,1889.715745415691,1891.5,1889.715745415691,1890.75,1.0,1889.715745415691,0.02,1888.0,0.0,0.0,,1.0
,,,2025/02/28,11:22,1891.5,1893.5,1891,1893,220000,1890.2328727078454,1893.5,1890.2328727078454,1892.25,1.0,1893.5,0.04,1888.22,1.0,1.5,1.5,1.5
,,,2025/02/28,11:23,1892.5,1894.5,1892.5,1894,104400,1891.2414363539228,1894.5,1891.2414363539228,1893.375,1.0,1894.5,0.06,1888.5968,2.0,2.5,1.0,0.875
,,,2025/02/28,11:24,1894,1894,1892.5,1893.5,132000,1892.3082181769614,1894.0,1892.3082181769614,1893.5,1.0,1894.5,0.06,1888.950992,3.0,2.0,-0.5,0.25
,,,2025/02/28,11:25,1893,1894,1892.5,1894,115500,1892.9041090884807,1894.0,1892.5,1893.375,1.0,1894.5,0.06,1889.28393248,4.0,2.5,0.5,0.0
,,,2025/02/28,11:26,1894,1894,1892.5,1894,68800,1893.1395545442404,1894.0,1892.5,1893.625,1.0,1894.5,0.06,1889.5968965312,5.0,2.5,0.0,1.0
,,,2025/02/28,11:27,1893.5,1895,1893.5,1895,54000,1893.38227727212,1895.0,1893.38227727212,1894.25,1.0,1895.0,0.08,1890.029144808704,6.0,3.5,1.0,1.0
,,,2025/02/28,11:28,1895,1895,1894.5,1894.5,39700,1893.81613863606,1895.0,1893.81613863606,1894.75,1.0,1895.0,0.08,1890.4268132240077,7.0,3.0,-0.5,0.5
,,,2025/02/28,11:29,1894.5,1896,1894.5,1895,83100,1894.28306931803,1896.0,1894.28306931803,1895.0,1.0,1896.0,0.1,1890.9841319016068,0.0,0.0,,0.5
,,,2025/02/28,11:30,1897,1897,1897,1897,159400,1894.641534659015,1897.0,1894.641534659015,1897.0,1.0,1897.0,0.12000000000000001,1891.706036073414,58.0,0.0,0.0,0.5
,,,2025/02/28,12:30,1897,1907.5,1896,1904.5,1163300,1895.8207673295074,1907.5,1895.8207673295074,1901.25,1.0,1907.5,0.14,1893.917191023136,0.0,0.0,,4.25
,,,2025/02/28,12:31,1904.5,1905,1899.5,1901,195600,1898.5353836647537,1905.0,1898.5353836647537,1902.5,1.0,1907.5,0.14,1895.8187842798968,1.0,-3.5,-3.5,4.0
,,,2025/02/28,12:32,1901,1901.5,1900,1900.5,97600,1900.5176918323768,1901.5,1900.0,1900.75,1.0,1907.5,0.14,1897.4541544807112,2.0,-4.0,-0.5,1.5
,,,2025/02/28,12:33,1900.5,1901.5,1897.5,1899,384200,1900.6338459161884,1901.5,1897.5,1899.625,1.0,1907.5,0.14,1898.8605728534117,3.0,-5.5,-1.5,1.0
,,,2025/02/28,12:34,1899.5,1899.5,1897.5,1897.5,114300,1900.1294229580942,1900.1294229580942,1897.5,1898.5,-1.0,1900.1294229580942,0.02,1907.5,0.0,0.0,,1.5
,,,2025/02/28,12:35,1898,1898.5,1896.5,1897,104400,1899.3147114790472,1899.3147114790472,1896.5,1897.5,-1.0,1896.5,0.04,1907.06,1.0,0.5,0.5,1.5
,,,2025/02/28,12:36,1897,1898,1896,1896.5,115000,1898.4073557395236,1898.4073557395236,1896.0,1896.875,-1.0,1896.0,0.06,1906.3963999999999,2.0,1.0,0.5,0.5
,,,2025/02/28,12:37,1896.5,1896.5,1894.5,1895.5,471200,1897.6411778697618,1897.6411778697618,1894.5,1895.75,-1.0,1894.5,0.08,1905.4446879999998,3.0,2.0,1.0,1.5
,,,2025/02/28,12:38,1895,1895,1893,1894,239300,1896.695588934881,1896.695588934881,1893.0,1894.25,-1.0,1893.0,0.1,1904.2002191999998,4.0,3.5,1.5,1.5
,,,2025/02/28,12:39,1894.5,1896,1894,1895.5,123800,1895.4727944674405,1896.0,1894.0,1895.0,-1.0,1893.0,0.1,1903.0801972799998,5.0,2.0,-1.5,1.0
,,,2025/02/28,12:40,1895.5,1896.5,1894.5,1895.5,128900,1895.2363972337203,1896.5,1894.5,1895.5,-1.0,1893.0,0.1,1902.0721775519999,6.0,2.0,0.0,0.5
,,,2025/02/28,12:41,1895,1895.5,1893.5,1894.5,66800,1895.3681986168601,1895.5,1893.5,1894.625,-1.0,1893.0,0.1,1901.1649597967998,7.0,3.0,1.0,1.0
,,,2025/02/28,12:42,1894.5,1895.5,1893.5,1895,75900,1894.9965993084302,1895.5,1893.5,1894.625,-1.0,1893.0,0.1,1900.3484638171199,8.0,2.5,-0.5,0.5
,,,2025/02/28,12:43,1895.5,1896.5,1894.5,1896,120300,1894.810799654215,1896.5,1894.5,1895.625,-1.0,1893.0,0.1,1899.6136174354078,9.0,1.5,-1.0,0.5
,,,2025/02/28,12:44,1896,1897.5,1895.5,1897,98400,1895.2178998271074,1897.5,1895.2178998271074,1896.5,-1.0,1893.0,0.1,1898.952255691867,10.0,0.5,-1.0,1.5
,,,2025/02/28,12:45,1897,1898,1896,1898,57600,1895.8589499135537,1898.0,1895.8589499135537,1897.25,-1.0,1893.0,0.1,1898.3570301226805,11.0,-0.5,-1.0,0.5
,,,2025/02/28,12:46,1898,1898.5,1897.5,1897.5,35700,1896.5544749567769,1898.5,1896.5544749567769,1897.875,1.0,1896.5544749567769,0.02,1893.0,0.0,0.0,,2.0
,,,2025/02/28,12:47,1898,1898,1896.5,1897,69100,1897.2147374783885,1898.0,1896.5,1897.375,1.0,1898.0,0.04,1893.2,1.0,-0.5,-0.5,1.5
,,,2025/02/28,12:48,1897.5,1897.5,1896,1896.5,76300,1897.2948687391943,1897.5,1896.0,1896.875,1.0,1898.0,0.04,1893.392,2.0,-1.0,-0.5,0.5
,,,2025/02/28,12:49,1896.5,1897.5,1895,1895.5,122800,1897.0849343695972,1897.5,1895.0,1896.125,1.0,1898.0,0.04,1893.5763200000001,3.0,-2.0,-1.0,1.0
,,,2025/02/28,12:50,1895.5,1896,1895,1895.5,43500,1896.6049671847986,1896.6049671847986,1895.0,1895.5,1.0,1898.0,0.04,1893.7532672000002,4.0,-2.0,0.0,1.0
,,,2025/02/28,12:51,1895,1899,1895,1899,120400,1896.0524835923993,1899.0,1895.0,1897.0,1.0,1899.0,0.06,1894.0680711680002,5.0,1.5,3.5,1.5
,,,2025/02/28,12:52,1899,1900.5,1898,1899.5,333900,1896.5262417961997,1900.5,1896.5262417961997,1899.25,1.0,1900.5,0.08,1894.5826254745602,6.0,2.0,0.5,2.5
,,,2025/02/28,12:53,1899.5,1901.5,1899.5,1901.5,313500,1897.8881208980997,1901.5,1897.8881208980997,1900.5,1.0,1901.5,0.1,1895.2743629271042,7.0,4.0,2.0,1.0
,,,2025/02/28,12:54,1901.5,1902,1900,1900.5,53200,1899.1940604490499,1902.0,1899.1940604490499,1901.0,1.0,1902.0,0.12000000000000001,1896.0814393758517,8.0,3.0,-1.0,0.5
,,,2025/02/28,12:55,1900,1901,1898.5,1899.5,192300,1900.097030224525,1901.0,1898.5,1899.75,1.0,1902.0,0.12000000000000001,1896.7916666507494,9.0,2.0,-1.0,0.5
,,,2025/02/28,12:56,1899,1900,1898.5,1900,44100,1899.9235151122625,1900.0,1898.5,1899.375,1.0,1902.0,0.12000000000000001,1897.4166666526596,10.0,2.5,0.5,1.0
,,,2025/02/28,12:57,1900,1901,1899.5,1900.5,78800,1899.6492575561313,1901.0,1899.5,1900.25,1.0,1902.0,0.12000000000000001,1897.9666666543405,11.0,3.0,0.5,1.125
,,,2025/02/28,12:58,1900.5,1902,1900,1901.5,116400,1899.9496287780657,1902.0,1899.9496287780657,1901.0,1.0,1902.0,0.12000000000000001,1898.4506666558198,12.0,4.0,1.0,0.5
,,,2025/02/28,12:59,1901.5,1903,1901.5,1903,202200,1900.4748143890329,1903.0,1900.4748143890329,1902.25,1.0,1903.0,0.14,1899.087573324005,13.0,5.5,1.5,1.5
,,,2025/02/28,13:00,1903,1903.5,1901.5,1902,137100,1901.3624071945164,1903.5,1901.3624071945164,1902.5,1.0,1903.5,0.16,1899.7935615921642,14.0,4.5,-1.0,1.0
,,,2025/02/28,13:01,1902,1902,1900.5,1901,94100,1901.9312035972582,1902.0,1900.5,1901.375,1.0,1903.5,0.16,1900.386591737418,15.0,3.5,-1.0,1.0
,,,2025/02/28,13:02,1901,1902.5,1899.5,1902.5,166200,1901.653101798629,1902.5,1899.5,1901.375,-1.0,1902.5,0.02,1903.5,0.0,0.0,,1.0
,,,2025/02/28,13:03,1902,1902.5,1901.5,1901.5,54900,1901.5140508993145,1902.5,1901.5,1901.875,-1.0,1901.5,0.04,1903.42,1.0,1.0,1.0,1.0
,,,2025/02/28,13:04,1901.5,1901.5,1900.5,1901,72600,1901.6945254496572,1901.6945254496572,1900.5,1901.125,-1.0,1900.5,0.06,1903.2448000000002,2.0,1.5,0.5,1.0
,,,2025/02/28,13:05,1901,1902,1900,1900.5,87200,1901.4097627248286,1902.0,1900.0,1900.875,-1.0,1900.0,0.08,1902.9852160000003,3.0,2.0,0.5,0.875
,,,2025/02/28,13:06,1900,1901,1900,1901,108800,1901.1423813624142,1901.1423813624142,1900.0,1900.5,-1.0,1900.0,0.08,1902.7463987200003,4.0,1.5,-0.5,0.875
,,,2025/02/28,13:07,1901,1902,1901,1902,85100,1900.821190681207,1902.0,1900.821190681207,1901.5,-1.0,1900.0,0.08,1902.5266868224003,5.0,0.5,-1.0,1.0
,,,2025/02/28,13:08,1902.5,1904.5,1902,1903.5,127400,1901.1605953406035,1904.5,1901.1605953406035,1903.125,1.0,1901.1605953406035,0.02,1900.0,0.0,0.0,,2.0
,,,2025/02/28,13:09,1903.5,1904.5,1902,1903,96200,1902.1427976703017,1904.5,1902.0,1903.25,1.0,1904.5,0.04,1900.18,1.0,-0.5,-0.5,0.625
,,,2025/02/28,13:10,1902.5,1902.5,1900,1900.5,124500,1902.6963988351508,1902.6963988351508,1900.0,1901.375,-1.0,1902.6963988351508,0.02,1904.5,0.0,0.0,,2.5
,,,2025/02/28,13:11,1901,1901,1899,1899.5,160100,1902.0356994175754,1902.0356994175754,1899.0,1900.125,-1.0,1899.0,0.04,1904.28,1.0,1.0,1.0,0.5
,,,2025/02/28,13:12,1899,1899.5,1899,1899,80900,1901.0803497087877,1901.0803497087877,1899.0,1899.125,-1.0,1899.0,0.04,1904.0688,2.0,1.5,0.5,1.0
,,,2025/02/28,13:13,1899,1899.5,1898.5,1899,102900,1900.1026748543939,1900.1026748543939,1898.5,1899.0,-1.0,1898.5,0.06,1903.734672,3.0,1.5,0.0,0.5
,,,2025/02/28,13:14,1899,1899.5,1898,1898,74300,1899.5513374271968,1899.5513374271968,1898.0,1898.625,-1.0,1898.0,0.08,1903.27589824,4.0,2.5,1.0,0.5
,,,2025/02/28,13:15,1898,1900,1898,1899,152900,1899.0881687135984,1900.0,1898.0,1898.75,-1.0,1898.0,0.08,1902.8538263808,5.0,1.5,-1.0,0.5
,,,2025/02/28,13:16,1899,1899.5,1898.5,1899,36800,1898.9190843567992,1899.5,1898.5,1899.0,-1.0,1898.0,0.08,1902.465520270336,6.0,1.5,0.0,0.5
,,,2025/02/28,13:17,1899,1899,1898,1898,59600,1898.9595421783997,1899.0,1898.0,1898.5,-1.0,1898.0,0.08,1902.108278648709,7.0,2.5,1.0,0.5
,,,2025/02/28,13:18,1898.5,1898.5,1896,1896.5,262400,1898.7297710891999,1898.7297710891999,1896.0,1897.375,-1.0,1896.0,0.1,1901.497450783838,8.0,4.0,1.5,1.0
,,,2025/02/28,13:19,1897,1897.5,1896,1896.5,35500,1898.0523855446,1898.0523855446,1896.0,1896.75,-1.0,1896.0,0.1,1900.9477057054542,9.0,4.0,0.0,1.0
,,,2025/02/28,13:20,1897,1899.5,1896.5,1899.5,155600,1897.4011927723,1899.5,1896.5,1898.125,-1.0,1896.0,0.1,1900.4529351349088,10.0,1.0,-3.0,2.0
,,,2025/02/28,13:21,1899,1899,1897.5,1898,113400,1897.76309638615,1899.0,1897.5,1898.375,-1.0,1896.0,0.1,1900.0076416214179,11.0,2.5,1.5,1.0
,,,2025/02/28,13:22,1898.5,1900,1898,1898,396900,1898.069048193075,1900.0,1898.0,1898.625,-1.0,1896.0,0.1,1899.6068774592761,12.0,2.5,0.0,1.0
,,,2025/02/28,13:23,1897.5,1899.5,1897.5,1899,158600,1898.3470240965376,1899.5,1897.5,1898.375,-1.0,1896.0,0.1,1899.2461897133485,13.0,1.5,-1.0,0.5
,,,2025/02/28,13:24,1899,1899.5,1898.5,1899,108400,1898.3610120482688,1899.5,1898.3610120482688,1899.0,1.0,1898.3610120482688,0.02,1896.0,0.0,0.0,,0.5
,,,2025/02/28,13:25,1899,1899,1898,1899,52800,1898.6805060241345,1899.0,1898.0,1898.75,1.0,1899.0,0.04,1896.12,1.0,0.0,0.0,0.5
,,,2025/02/28,13:26,1899,1903.5,1899,1903.5,701400,1898.7152530120673,1903.5,1898.7152530120673,1901.25,1.0,1903.5,0.06,1896.5628,2.0,4.5,4.5,3.5
,,,2025/02/28,13:27,1903.5,1903.5,1902.5,1903.5,50200,1899.9826265060337,1903.5,1899.9826265060337,1903.25,1.0,1903.5,0.06,1896.979032,3.0,4.5,0.0,1.5
,,,2025/02/28,13:28,1903.5,1903.5,1901.5,1902,143000,1901.6163132530169,1903.5,1901.5,1902.625,1.0,1903.5,0.06,1897.37029008,4.0,3.0,-1.5,0.5
,,,2025/02/28,13:29,1902,1902,1901,1902,47900,1902.1206566265084,1902.1206566265084,1901.0,1901.75,1.0,1903.5,0.06,1897.7380726751999,5.0,3.0,0.0,1.0
,,,2025/02/28,13:30,1901.5,1903,1901.5,1902.5,42800,1901.935328313254,1903.0,1901.5,1902.125,1.0,1903.5,0.06,1898.0837883146878,6.0,3.5,0.5,0.875
,,,2025/02/28,13:31,1902.5,1903.5,1902.5,1903,63800,1902.030164156627,1903.5,1902.030164156627,1902.875,1.0,1903.5,0.06,1898.4087610158065,7.0,4.0,0.5,0.5
,,,2025/02/28,13:32,1903,1903,1902.5,1903,28200,1902.4525820783135,1903.0,1902.4525820783135,1902.875,1.0,1903.5,0.06,1898.7142353548581,8.0,4.0,0.0,0.0
,,,2025/02/28,13:33,1903,1903,1902,1902.5,75900,1902.6637910391569,1903.0,1902.0,1902.625,1.0,1903.5,0.06,1899.0013812335667,9.0,3.5,-0.5,0.5
,,,2025/02/28,13:34,1902.5,1903.5,1902.5,1903.5,38900,1902.6443955195784,1903.5,1902.5,1903.0,1.0,1903.5,0.06,1899.2712983595527,10.0,4.5,1.0,0.5
,,,2025/02/28,13:35,1903.5,1903.5,1902.5,1903.5,88000,1902.822197759789,1903.5,1902.5,1903.25,1.0,1903.5,0.06,1899.5250204579795,11.0,4.5,0.0,0.5
,,,2025/02/28,13:36,1903.5,1904,1903,1904,46400,1903.0360988798946,1904.0,1903.0,1903.625,1.0,1904.0,0.08,1899.8830188213412,12.0,5.0,0.5,0.5
,,,2025/02/28,13:37,1904,1904.5,1903.5,1903.5,76100,1903.3305494399474,1904.5,1903.3305494399474,1903.875,1.0,1904.5,0.1,1900.344716939207,13.0,4.5,-0.5,0.5
,,,2025/02/28,13:38,1903.5,1903.5,1902.5,1903,84300,1903.6027747199737,1903.6027747199737,1902.5,1903.125,1.0,1904.5,0.1,1900.7602452452863,14.0,4.0,-0.5,1.0
,,,2025/02/28,13:39,1903,1903,1902,1902.5,69800,1903.3638873599868,1903.3638873599868,1902.0,1902.625,1.0,1904.5,0.1,1901.1342207207576,15.0,3.5,-0.5,0.5
,,,2025/02/28,13:40,1902.5,1902.5,1901.5,1902,65700,1902.9944436799933,1902.9944436799933,1901.5,1902.125,1.0,1904.5,0.1,1901.470798648682,16.0,3.0,-0.5,0.5
,,,2025/02/28,13:41,1902,1903.5,1902,1903,68300,1902.5597218399967,1903.5,1902.0,1902.625,1.0,1904.5,0.1,1901.7737187838138,17.0,4.0,1.0,1.0
,,,2025/02/28,13:42,1903,1904,1902.5,1904,85900,1902.5923609199983,1904.0,1902.5,1903.375,1.0,1904.5,0.1,1902.0463469054325,18.0,5.0,1.0,0.5
,,,2025/02/28,13:43,1904,1904.5,1904,1904.5,44400,1902.983680459999,1904.5,1902.983680459999,1904.25,1.0,1904.5,0.1,1902.2917122148892,19.0,5.5,0.5,1.0
,,,2025/02/28,13:44,1904.5,1905,1904,1905,58900,1903.6168402299995,1905.0,1903.6168402299995,1904.625,1.0,1905.0,0.12000000000000001,1902.6167067491026,20.0,6.0,0.5,1.0
,,,2025/02/28,13:45,1905,1905,1903.5,1903.5,126700,1904.1209201149998,1905.0,1903.5,1904.25,1.0,1905.0,0.12000000000000001,1902.9027019392104,21.0,4.5,-1.5,1.0
,,,2025/02/28,13:46,1904,1904,1902.5,1903,95100,1904.1854600574998,1904.1854600574998,1902.5,1903.375,-1.0,1904.1854600574998,0.02,1905.0,0.0,0.0,,0.5
,,,2025/02/28,13:47,1902.5,1903,1902.5,1903,36500,1903.7802300287499,1903.7802300287499,1902.5,1902.75,-1.0,1902.5,0.04,1904.9,1.0,0.0,0.0,1.0
,,,2025/02/28,13:48,1903,1904,1902.5,1904,47100,1903.265115014375,1904.0,1902.5,1903.375,-1.0,1902.5,0.04,1904.804,2.0,-1.0,-1.0,0.0
,,,2025/02/28,13:49,1904,1904,1903,1903,81600,1903.3200575071874,1904.0,1903.0,1903.5,-1.0,1902.5,0.04,1904.7118400000002,3.0,0.0,1.0,0.5
,,,2025/02/28,13:50,1903,1903,1901,1901.5,100600,1903.4100287535937,1903.4100287535937,1901.0,1902.125,-1.0,1901.0,0.06,1904.4891296,4.0,1.5,1.5,1.875
,,,2025/02/28,13:51,1901.5,1902,1901,1901.5,78400,1902.767514376797,1902.767514376797,1901.0,1901.5,-1.0,1901.0,0.06,1904.279781824,5.0,1.5,0.0,0.5
,,,2025/02/28,13:52,1901.5,1901.5,1900,1900.5,149500,1902.1337571883985,1902.1337571883985,1900.0,1900.875,-1.0,1900.0,0.08,1903.9373992780802,6.0,2.5,1.0,0.5
,,,2025/02/28,13:53,1901,1902.5,1900.5,1902,95600,1901.5043785941994,1902.5,1900.5,1901.5,-1.0,1900.0,0.08,1903.6224073358337,7.0,1.0,-1.5,1.0
,,,2025/02/28,13:54,1902,1902,1901,1902,45200,1901.5021892970997,1902.0,1901.0,1901.75,-1.0,1900.0,0.08,1903.332614748967,8.0,1.0,0.0,1.0
,,,2025/02/28,13:55,1901.5,1903,1901.5,1902.5,123100,1901.62609464855,1903.0,1901.5,1902.125,-1.0,1900.0,0.08,1903.0660055690496,9.0,0.5,-0.5,0.5
,,,2025/02/28,13:56,1903,1903,1901,1901,98200,1901.875547324275,1903.0,1901.0,1902.0,-1.0,1900.0,0.08,1902.8207251235256,10.0,2.0,1.5,0.5
,,,2025/02/28,13:57,1901,1901,1900,1900,147100,1901.9377736621375,1901.9377736621375,1900.0,1900.5,-1.0,1900.0,0.08,1902.5950671136436,11.0,3.0,1.0,2.5
,,,2025/02/28,13:58,1899.5,1901,1899.5,1900.5,80300,1901.2188868310686,1901.2188868310686,1899.5,1900.125,-1.0,1899.5,0.1,1902.2855604022793,12.0,2.5,-0.5,0.5
,,,2025/02/28,13:59,1900,1900.5,1899.5,1899.5,97200,1900.6719434155343,1900.6719434155343,1899.5,1899.875,-1.0,1899.5,0.1,1902.0070043620515,13.0,3.5,1.0,0.0
,,,2025/02/28,14:00,1899.5,1901,1899.5,1900,66200,1900.2734717077672,1901.0,1899.5,1900.0,-1.0,1899.5,0.1,1901.7563039258464,14.0,3.0,-0.5,0.0
,,,2025/02/28,14:01,1900.5,1901,1900,1900.5,81600,1900.1367358538837,1901.0,1900.0,1900.5,-1.0,1899.5,0.1,1901.5306735332617,15.0,2.5,-0.5,0.5
,,,2025/02/28,14:02,1900,1900.5,1900,1900,24500,1900.3183679269418,1900.5,1900.0,1900.125,-1.0,1899.5,0.1,1901.3276061799356,16.0,3.0,0.5,0.375
,,,2025/02/28,14:03,1900.5,1900.5,1900,1900.5,70900,1900.221683963471,1900.5,1900.0,1900.375,-1.0,1899.5,0.1,1901.144845561942,17.0,2.5,-0.5,0.5
,,,2025/02/28,14:04,1900.5,1901.5,1900,1900.5,75300,1900.2983419817356,1901.5,1900.0,1900.625,1.0,1900.0,0.02,1899.5,0.0,0.0,,0.75
,,,2025/02/28,14:05,1900.5,1901,1900.5,1901,14900,1900.4616709908678,1901.0,1900.4616709908678,1900.75,1.0,1901.0,0.04,1899.56,1.0,0.5,0.5,0.0
,,,2025/02/28,14:06,1901,1901.5,1900.5,1901.5,41300,1900.605835495434,1901.5,1900.5,1901.125,1.0,1901.5,0.06,1899.6764,2.0,1.0,0.5,0.0
,,,2025/02/28,14:07,1901,1901,1900.5,1901,49600,1900.865417747717,1901.0,1900.5,1900.875,1.0,1901.5,0.06,1899.785816,3.0,0.5,-0.5,0.0
,,,2025/02/28,14:08,1901.5,1902,1901,1901,104900,1900.8702088738585,1902.0,1900.8702088738585,1901.375,1.0,1902.0,0.08,1899.96295072,4.0,0.5,0.0,0.5
,,,2025/02/28,14:09,1901.5,1903.5,1901,1903,119400,1901.1226044369291,1903.5,1901.0,1902.25,1.0,1903.5,0.1,1900.316655648,5.0,2.5,2.0,1.0
,,,2025/02/28,14:10,1903,1904.5,1903,1904,126700,1901.6863022184646,1904.5,1901.6863022184646,1903.625,1.0,1904.5,0.12000000000000001,1900.81865697024,6.0,3.5,1.0,1.0
,,,2025/02/28,14:11,1904,1904,1903,1903,61900,1902.6556511092322,1904.0,1902.6556511092322,1903.5,1.0,1904.5,0.12000000000000001,1901.2604181338113,7.0,2.5,-1.0,1.0
,,,2025/02/28,14:12,1903,1903.5,1902.5,1903,62500,1903.077825554616,1903.5,1902.5,1903.0,1.0,1904.5,0.12000000000000001,1901.649167957754,8.0,2.5,0.0,1.0
,,,2025/02/28,14:13,1903.5,1903.5,1902.5,1902.5,25200,1903.038912777308,1903.5,1902.5,1903.0,1.0,1904.5,0.12000000000000001,1901.9912678028234,9.0,2.0,-0.5,1.0
,,,2025/02/28,14:14,1903,1903,1901.5,1903,85000,1903.019456388654,1903.019456388654,1901.5,1902.625,-1.0,1903.019456388654,0.02,1904.5,0.0,0.0,,0.5
,,,2025/02/28,14:15,1903,1903,1901.5,1902,67200,1902.822228194327,1903.0,1901.5,1902.375,-1.0,1901.5,0.04,1904.38,1.0,1.0,1.0,0.5
,,,2025/02/28,14:16,1902,1902,1899.5,1901,190200,1902.5986140971636,1902.5986140971636,1899.5,1901.125,-1.0,1899.5,0.06,1904.0872000000002,2.0,2.0,1.0,1.5
,,,2025/02/28,14:17,1900.5,1901,1900.5,1900.5,35300,1901.8618070485818,1901.8618070485818,1900.5,1900.625,-1.0,1899.5,0.06,1903.8119680000002,3.0,2.5,0.5,0.5
,,,2025/02/28,14:18,1900.5,1901,1900,1900.5,65200,1901.243403524291,1901.243403524291,1900.0,1900.5,-1.0,1899.5,0.06,1903.55324992,4.0,2.5,0.0,0.5
,,,2025/02/28,14:19,1900,1901,1899.5,1900,91500,1900.8717017621454,1901.0,1899.5,1900.125,-1.0,1899.5,0.06,1903.3100549248002,5.0,3.0,0.5,0.5
,,,2025/02/28,14:20,1900,1900,1899,1900,63400,1900.4983508810728,1900.4983508810728,1899.0,1899.75,-1.0,1899.0,0.08,1902.965250530816,6.0,3.0,0.0,0.5
,,,2025/02/28,14:21,1900,1900,1899,1900,78000,1900.1241754405364,1900.1241754405364,1899.0,1899.75,-1.0,1899.0,0.08,1902.6480304883507,7.0,3.0,0.0,0.5
,,,2025/02/28,14:22,1899.5,1900,1899,1899.5,48700,1899.9370877202682,1900.0,1899.0,1899.5,-1.0,1899.0,0.08,1902.3561880492828,8.0,3.5,0.5,0.5
,,,2025/02/28,14:23,1899.5,1901,1899,1901,98800,1899.718543860134,1901.0,1899.0,1900.125,-1.0,1899.0,0.08,1902.08769300534,9.0,2.0,-1.5,0.5
,,,2025/02/28,14:24,1900.5,1901,1900,1900,44100,1899.921771930067,1901.0,1899.921771930067,1900.375,-1.0,1899.0,0.08,1901.8406775649128,10.0,3.0,1.0,0.5
,,,2025/02/28,14:25,1900.5,1900.5,1899.5,1899.5,61500,1900.1483859650334,1900.5,1899.5,1900.0,-1.0,1899.0,0.08,1901.6134233597197,11.0,3.5,0.5,0.5
,,,2025/02/28,14:26,1900,1900,1899.5,1899.5,19900,1900.0741929825167,1900.0741929825167,1899.5,1899.75,-1.0,1899.0,0.08,1901.4043494909422,12.0,3.5,0.0,0.5
,,,2025/02/28,14:27,1900,1900.5,1899.5,1900,71700,1899.9120964912584,1900.5,1899.5,1900.0,-1.0,1899.0,0.08,1901.2120015316668,13.0,3.0,-0.5,0.0
,,,2025/02/28,14:28,1900,1900,1899,1899.5,114000,1899.956048245629,1900.0,1899.0,1899.625,-1.0,1899.0,0.08,1901.0350414091336,14.0,3.5,0.5,0.5
,,,2025/02/28,14:29,1899.5,1900,1899,1899.5,36600,1899.7905241228145,1900.0,1899.0,1899.5,-1.0,1899.0,0.08,1900.872238096403,15.0,3.5,0.0,0.5
,,,2025/02/28,14:30,1899,1900,1899,1900,150300,1899.6452620614073,1900.0,1899.0,1899.5,-1.0,1899.0,0.08,1900.7224590486908,16.0,3.0,-0.5,0.0
,,,2025/02/28,14:31,1899.5,1899.5,1898,1898.5,132000,1899.5726310307036,1899.5726310307036,1898.0,1898.875,-1.0,1898.0,0.1,1900.4502131438217,17.0,4.5,1.5,1.0
,,,2025/02/28,14:32,1899,1900,1898,1899.5,100600,1899.2238155153518,1900.0,1898.0,1899.125,-1.0,1898.0,0.1,1900.2051918294394,18.0,3.5,-1.0,1.0
,,,2025/02/28,14:33,1899.5,1900,1898,1899,89600,1899.174407757676,1900.0,1898.0,1899.125,-1.0,1898.0,0.1,1899.9846726464955,19.0,4.0,0.5,0.5
,,,2025/02/28,14:34,1899.5,1900,1899.5,1900,61500,1899.149703878838,1900.0,1899.149703878838,1899.75,1.0,1899.149703878838,0.02,1898.0,0.0,0.0,,0.5
,,,2025/02/28,14:35,1900,1900.5,1899.5,1900.5,47300,1899.449851939419,1900.5,1899.449851939419,1900.125,1.0,1900.5,0.04,1898.1,1.0,0.5,0.5,0.0
,,,2025/02/28,14:36,1900.5,1901,1900,1900.5,101300,1899.7874259697096,1901.0,1899.7874259697096,1900.5,1.0,1901.0,0.06,1898.274,2.0,0.5,0.0,0.5
,,,2025/02/28,14:37,1900.5,1901.5,1900,1901,125600,1900.1437129848548,1901.5,1900.0,1900.75,1.0,1901.5,0.08,1898.53208,3.0,1.0,0.5,0.5
,,,2025/02/28,14:38,1901.5,1902,1901,1901.5,100000,1900.4468564924273,1902.0,1900.4468564924273,1901.5,1.0,1902.0,0.1,1898.878872,4.0,1.5,0.5,0.5
,,,2025/02/28,14:39,1901.5,1902,1901,1901.5,19700,1900.9734282462136,1902.0,1900.9734282462136,1901.5,1.0,1902.0,0.1,1899.1909848,5.0,1.5,0.0,0.0
,,,2025/02/28,14:40,1901.5,1901.5,1899.5,1900,224900,1901.2367141231068,1901.5,1899.5,1900.625,1.0,1902.0,0.1,1899.47188632,6.0,0.0,-1.5,0.5
,,,2025/02/28,14:41,1900,1900.5,1899.5,1900.5,62200,1900.9308570615535,1900.9308570615535,1899.5,1900.125,1.0,1902.0,0.1,1899.724697688,7.0,0.5,0.5,1.0
,,,2025/02/28,14:42,1900.5,1901.5,1900,1901.5,81400,1900.5279285307768,1901.5,1900.0,1900.875,1.0,1902.0,0.1,1899.9522279192001,8.0,1.5,1.0,0.5
,,,2025/02/28,14:43,1901.5,1902,1901,1901.5,50900,1900.7014642653885,1902.0,1900.7014642653885,1901.5,1.0,1902.0,0.1,1900.1570051272802,9.0,1.5,0.0,1.0
,,,2025/02/28,14:44,1901.5,1903,1901.5,1902,232600,1901.1007321326942,1903.0,1901.1007321326942,1902.0,1.0,1903.0,0.12000000000000001,1900.4981645120065,10.0,2.0,0.5,1.0
,,,2025/02/28,14:45,1902.5,1903,1902,1902,41300,1901.5503660663471,1903.0,1901.5503660663471,1902.375,1.0,1903.0,0.12000000000000001,1900.7983847705657,11.0,2.0,0.0,0.5
,,,2025/02/28,14:46,1902.5,1903.5,1902,1903.5,114200,1901.9626830331736,1903.5,1901.9626830331736,1902.875,1.0,1903.5,0.14,1901.1766109026864,12.0,3.5,1.5,0.0
,,,2025/02/28,14:47,1903.5,1903.5,1903,1903.5,43200,1902.4188415165868,1903.5,1902.4188415165868,1903.375,1.0,1903.5,0.14,1901.5018853763104,13.0,3.5,0.0,1.0
,,,2025/02/28,14:48,1903.5,1904,1903,1903.5,174300,1902.8969207582934,1904.0,1902.8969207582934,1903.5,1.0,1904.0,0.16,1901.9015837161007,14.0,3.5,0.0,0.5
,,,2025/02/28,14:49,1903.5,1904.5,1903.5,1904,105900,1903.1984603791466,1904.5,1903.1984603791466,1903.875,1.0,1904.5,0.18,1902.3692986472026,15.0,4.0,0.5,0.5
,,,2025/02/28,14:50,1904.5,1904.5,1904,1904,123800,1903.5367301895733,1904.5,1903.5367301895733,1904.25,1.0,1904.5,0.18,1902.752824890706,16.0,4.0,0.0,0.5
,,,2025/02/28,14:51,1904.5,1905,1904,1904.5,129500,1903.8933650947865,1905.0,1903.8933650947865,1904.5,1.0,1905.0,0.19999999999999998,1903.2022599125648,17.0,4.5,0.5,0.5
,,,2025/02/28,14:52,1905,1905.5,1904,1904.5,232300,1904.1966825473933,1905.5,1904.0,1904.75,1.0,1905.5,0.21999999999999997,1903.7077627318006,18.0,4.5,0.0,0.5
,,,2025/02/28,14:53,1904.5,1904.5,1902.5,1903.5,149000,1904.4733412736966,1904.5,1902.5,1903.75,-1.0,1904.5,0.02,1905.5,0.0,0.0,,1.5
,,,2025/02/28,14:54,1903.5,1903.5,1902.5,1902.5,57800,1904.1116706368484,1904.1116706368484,1902.5,1903.0,-1.0,1902.5,0.04,1905.38,1.0,1.0,1.0,0.5
,,,2025/02/28,14:55,1903,1903,1901.5,1902,152000,1903.5558353184242,1903.5558353184242,1901.5,1902.375,-1.0,1901.5,0.06,1905.1472,2.0,1.5,0.5,1.5
,,,2025/02/28,14:56,1902,1903,1902,1902.5,39500,1902.965417659212,1903.0,1902.0,1902.375,-1.0,1901.5,0.06,1904.928368,3.0,1.0,-0.5,1.0
,,,2025/02/28,14:57,1902.5,1903,1902,1902.5,40700,1902.670208829606,1903.0,1902.0,1902.5,-1.0,1901.5,0.06,1904.72266592,4.0,1.0,0.0,0.5
,,,2025/02/28,14:58,1902.5,1904,1902.5,1903,163100,1902.585104414803,1904.0,1902.5,1903.0,-1.0,1901.5,0.06,1904.5293059648,5.0,0.5,-0.5,0.5
,,,2025/02/28,14:59,1903.5,1903.5,1902.5,1903,30600,1902.7925522074015,1903.5,1902.5,1903.125,-1.0,1901.5,0.06,1904.347547606912,6.0,0.5,0.0,0.5
,,,2025/02/28,15:00,1903,1904,1902.5,1903.5,125500,1902.9587761037008,1904.0,1902.5,1903.25,-1.0,1901.5,0.06,1904.1766947504973,7.0,0.0,-0.5,0.5
,,,2025/02/28,15:01,1903.5,1903.5,1902,1902.5,100100,1903.1043880518505,1903.5,1902.0,1902.875,-1.0,1901.5,0.06,1904.0160930654674,8.0,1.0,1.0,1.0
,,,2025/02/28,15:02,1902.5,1903.5,1902.5,1903,97900,1902.9896940259252,1903.5,1902.5,1902.875,-1.0,1901.5,0.06,1903.8651274815393,9.0,0.5,-0.5,0.5
,,,2025/02/28,15:03,1902.5,1902.5,1901.5,1901.5,69300,1902.9323470129625,1902.9323470129625,1901.5,1902.0,-1.0,1901.5,0.06,1903.723219832647,10.0,2.0,1.5,0.625
,,,2025/02/28,15:04,1902,1903,1901.5,1902.5,95600,1902.4661735064813,1903.0,1901.5,1902.25,-1.0,1901.5,0.06,1903.5898266426882,11.0,1.0,-1.0,0.5
,,,2025/02/28,15:05,1903,1904,1902.5,1903.5,142800,1902.3580867532405,1904.0,1902.3580867532405,1903.25,1.0,1902.3580867532405,0.02,1901.5,0.0,0.0,,1.0
,,,2025/02/28,15:06,1903.5,1904,1902.5,1903,76200,1902.8040433766203,1904.0,1902.5,1903.25,1.0,1904.0,0.04,1901.6,1.0,-0.5,-0.5,0.5
,,,2025/02/28,15:07,1903.5,1904.5,1903,1904,153700,1903.02702168831,1904.5,1903.0,1903.75,1.0,1904.5,0.06,1901.774,2.0,0.5,1.0,0.25
,,,2025/02/28,15:08,1904,1904.5,1904,1904,59500,1903.388510844155,1904.5,1903.388510844155,1904.125,1.0,1904.5,0.06,1901.9375599999998,3.0,0.5,0.0,1.0
,,,2025/02/28,15:09,1904.5,1905,1903,1903,174600,1903.7567554220775,1905.0,1903.0,1903.875,1.0,1905.0,0.08,1902.1825551999998,4.0,-0.5,-1.0,0.5
,,,2025/02/28,15:10,1903.5,1904,1902.5,1902.5,147800,1903.8158777110389,1904.0,1902.5,1903.125,1.0,1905.0,0.08,1902.407950784,5.0,-1.0,-0.5,1.0
,,,2025/02/28,15:11,1902.5,1903,1902,1902,86700,1903.4704388555194,1903.4704388555194,1902.0,1902.375,-1.0,1903.4704388555194,0.02,1905.0,0.0,0.0,,0.5
,,,2025/02/28,15:12,1902.5,1902.5,1901.5,1902.5,104100,1902.9227194277596,1902.9227194277596,1901.5,1902.25,-1.0,1901.5,0.04,1904.86,1.0,-0.5,-0.5,0.5
,,,2025/02/28,15:13,1902.5,1903,1902,1902,87300,1902.5863597138798,1903.0,1902.0,1902.375,-1.0,1901.5,0.04,1904.7256,2.0,0.0,0.5,0.5
,,,2025/02/28,15:14,1902.5,1903,1902,1903,113400,1902.4806798569398,1903.0,1902.0,1902.625,-1.0,1901.5,0.04,1904.596576,3.0,-1.0,-1.0,0.0
,,,2025/02/28,15:15,1903,1903.5,1902,1903.5,162600,1902.55283992847,1903.5,1902.0,1903.0,-1.0,1901.5,0.04,1904.4727129599999,4.0,-1.5,-0.5,0.5
,,,2025/02/28,15:16,1903.5,1903.5,1902,1903,116900,1902.776419964235,1903.5,1902.0,1903.0,-1.0,1901.5,0.04,1904.3538044415998,5.0,-1.0,0.5,0.5
,,,2025/02/28,15:17,1903,1904,1902.5,1904,155100,1902.8882099821176,1904.0,1902.5,1903.375,-1.0,1901.5,0.04,1904.2396522639358,6.0,-2.0,-1.0,0.5
,,,2025/02/28,15:18,1904,1904,1903,1903.5,71300,1903.1316049910588,1904.0,1903.0,1903.625,-1.0,1901.5,0.04,1904.1300661733783,7.0,-1.5,0.5,0.5
,,,2025/02/28,15:19,1903.5,1903.5,1902.5,1903,162100,1903.3783024955294,1903.5,1902.5,1903.125,-1.0,1901.5,0.04,1904.0248635264431,8.0,-1.0,0.5,0.5
,,,2025/02/28,15:20,1903,1903,1902,1902,221800,1903.2516512477646,1903.2516512477646,1902.0,1902.5,-1.0,1901.5,0.04,1903.9238689853855,9.0,0.0,1.0,1.0
,,,2025/02/28,15:21,1902,1902,1901,1901,151300,1902.8758256238823,1902.8758256238823,1901.0,1901.5,-1.0,1901.0,0.06,1903.7484368462624,10.0,1.0,1.0,1.5
,,,2025/02/28,15:22,1901.5,1902,1901,1902,141800,1902.1879128119413,1902.1879128119413,1901.0,1901.625,-1.0,1901.0,0.06,1903.5835306354866,11.0,0.0,-1.0,0.5
,,,2025/02/28,15:23,1901.5,1902,1900.5,1901,221200,1901.9064564059706,1902.0,1900.5,1901.25,-1.0,1900.5,0.08,1903.3368481846476,12.0,1.0,1.0,0.5
,,,2025/02/28,15:24,1901,1903.5,1900,1902,410400,1901.5782282029854,1903.5,1900.0,1901.625,1.0,1900.0,0.02,1900.5,,,,0.5
,,,2025/02/28,15:25,,,,,0,,,,,,,,,,,,
,,,2025/02/28,15:26,,,,,0,,,,,,,,,,,,
,,,2025/02/28,15:27,,,,,0,,,,,,,,,,,,
,,,2025/02/28,15:28,,,,,0,,,,,,,,,,,,
,,,2025/02/28,15:29,,,,,0,,,,,,,,,,,,
--------,--------,--------,--------,--------,--------,--------,--------,--------,--------,,,,,,,,,,,,
